[
    {
        "id": "21",
        "iso2": "BY",
        "short_name": "Belarus",
        "flag_img": "476166Belarus.png.png",
        "country_status": "1"
    },
    {
        "id": "22",
        "iso2": "BE",
        "short_name": "Belgium",
        "flag_img": "644684Belgium.png.png",
        "country_status": "1"
    },
    {
        "id": "23",
        "iso2": "BZ",
        "short_name": "Belize",
        "flag_img": null,
        "country_status": "1"
    },
    {
        "id": "24",
        "iso2": "BD",
        "short_name": "Bangladesh",
        "flag_img": null,
        "country_status": "1"
    },
    {
        "id": "25",
        "iso2": "BM",
        "short_name": "Bermuda",
        "flag_img": null,
        "country_status": "1"
    },
    {
        "id": "26",
        "iso2": "BT",
        "short_name": "Bhutan",
        "flag_img": null,
        "country_status": "1"
    },
    {
        "id": "27",
        "iso2": "BO",
        "short_name": "Bolivia",
        "flag_img": null,
        "country_status": "1"
    },
    {
        "id": "29",
        "iso2": "BA",
        "short_name": "Bosnia and Herzegovina",
        "flag_img": null,
        "country_status": "1"
    },
    {
        "id": "30",
        "iso2": "BW",
        "short_name": "Botswana",
        "flag_img": null,
        "country_status": "1"
    },
    {
        "id": "31",
        "iso2": "BV",
        "short_name": "Bouvet Island",
        "flag_img": null,
        "country_status": "1"
    },
    {
        "id": "32",
        "iso2": "BR",
        "short_name": "Brazil",
        "flag_img": "50599Brazil.png.png",
        "country_status": "1"
    },
    {
        "id": "33",
        "iso2": "IO",
        "short_name": "British Indian Ocean Territory",
        "flag_img": null,
        "country_status": "1"
    },
    {
        "id": "34",
        "iso2": "BN",
        "short_name": "Brunei",
        "flag_img": null,
        "country_status": "1"
    },
    {
        "id": "35",
        "iso2": "BG",
        "short_name": "Bulgaria",
        "flag_img": "",
        "country_status": "1"
    },
    {
        "id": "36",
        "iso2": "BF",
        "short_name": "Burkina Faso",
        "flag_img": null,
        "country_status": "1"
    },
    {
        "id": "37",
        "iso2": "BI",
        "short_name": "Burundi",
        "flag_img": null,
        "country_status": "1"
    },
    {
        "id": "38",
        "iso2": "KH",
        "short_name": "Cambodia",
        "flag_img": null,
        "country_status": "1"
    },
    {
        "id": "39",
        "iso2": "CM",
        "short_name": "Cameroon",
        "flag_img": null,
        "country_status": "1"
    },
    {
        "id": "40",
        "iso2": "CA",
        "short_name": "Canada",
        "flag_img": null,
        "country_status": "1"
    },
    {
        "id": "41",
        "iso2": "CV",
        "short_name": "Cape Verde",
        "flag_img": null,
        "country_status": "1"
    },
    {
        "id": "42",
        "iso2": "KY",
        "short_name": "Cayman Islands",
        "flag_img": null,
        "country_status": "1"
    },
    {
        "id": "43",
        "iso2": "CF",
        "short_name": "Central African Republic",
        "flag_img": null,
        "country_status": "1"
    },
    {
        "id": "44",
        "iso2": "TD",
        "short_name": "Chad",
        "flag_img": null,
        "country_status": "1"
    },
    {
        "id": "45",
        "iso2": "CL",
        "short_name": "Chile",
        "flag_img": null,
        "country_status": "1"
    },
    {
        "id": "46",
        "iso2": "CN",
        "short_name": "China",
        "flag_img": "868194China.png.png",
        "country_status": "1"
    },
    {
        "id": "47",
        "iso2": "CX",
        "short_name": "Christmas Island",
        "flag_img": null,
        "country_status": "1"
    },
    {
        "id": "48",
        "iso2": "CC",
        "short_name": "Cocos (Keeling) Islands",
        "flag_img": null,
        "country_status": "1"
    },
    {
        "id": "49",
        "iso2": "CO",
        "short_name": "Colombia",
        "flag_img": null,
        "country_status": "1"
    },
    {
        "id": "50",
        "iso2": "KM",
        "short_name": "Comoros",
        "flag_img": null,
        "country_status": "1"
    },
    {
        "id": "51",
        "iso2": "CG",
        "short_name": "Congo",
        "flag_img": null,
        "country_status": "1"
    },
    {
        "id": "53",
        "iso2": "CR",
        "short_name": "Costa Rica",
        "flag_img": null,
        "country_status": "1"
    },
    {
        "id": "54",
        "iso2": "CI",
        "short_name": "Cote d'ivoire (Ivory Coast)",
        "flag_img": null,
        "country_status": "1"
    },
    {
        "id": "55",
        "iso2": "HR",
        "short_name": "Croatia",
        "flag_img": null,
        "country_status": "1"
    },
    {
        "id": "56",
        "iso2": "CU",
        "short_name": "Cuba",
        "flag_img": null,
        "country_status": "1"
    },
    {
        "id": "57",
        "iso2": "CW",
        "short_name": "Curacao",
        "flag_img": null,
        "country_status": "1"
    },
    {
        "id": "58",
        "iso2": "CY",
        "short_name": "Cyprus",
        "flag_img": null,
        "country_status": "1"
    },
    {
        "id": "59",
        "iso2": "CZ",
        "short_name": "Czech Republic",
        "flag_img": null,
        "country_status": "1"
    },
    {
        "id": "60",
        "iso2": "CD",
        "short_name": "Democratic Republic of the Congo",
        "flag_img": null,
        "country_status": "1"
    },
    {
        "id": "71",
        "iso2": "ET",
        "short_name": "Ethiopia",
        "flag_img": null,
        "country_status": "1"
    },
    {
        "id": "72",
        "iso2": "FK",
        "short_name": "Falkland Islands (Malvinas)",
        "flag_img": null,
        "country_status": "1"
    },
    {
        "id": "73",
        "iso2": "FO",
        "short_name": "Faroe Islands",
        "flag_img": null,
        "country_status": "1"
    },
    {
        "id": "74",
        "iso2": "FJ",
        "short_name": "Fiji",
        "flag_img": null,
        "country_status": "1"
    },
    {
        "id": "75",
        "iso2": "FI",
        "short_name": "Finland",
        "flag_img": null,
        "country_status": "1"
    },
    {
        "id": "76",
        "iso2": "FR",
        "short_name": "France",
        "flag_img": "395661France.png.png",
        "country_status": "1"
    },
    {
        "id": "77",
        "iso2": "GF",
        "short_name": "French Guiana",
        "flag_img": null,
        "country_status": "1"
    },
    {
        "id": "78",
        "iso2": "PF",
        "short_name": "French Polynesia",
        "flag_img": null,
        "country_status": "1"
    },
    {
        "id": "79",
        "iso2": "TF",
        "short_name": "French Southern Territories",
        "flag_img": null,
        "country_status": "1"
    },
    {
        "id": "80",
        "iso2": "GA",
        "short_name": "Gabon",
        "flag_img": null,
        "country_status": "1"
    },
    {
        "id": "81",
        "iso2": "GM",
        "short_name": "Gambia",
        "flag_img": null,
        "country_status": "1"
    },
    {
        "id": "82",
        "iso2": "GE",
        "short_name": "Georgia",
        "flag_img": null,
        "country_status": "1"
    },
    {
        "id": "83",
        "iso2": "DE",
        "short_name": "Germany",
        "flag_img": "419983Germany.png.png",
        "country_status": "1"
    },
    {
        "id": "84",
        "iso2": "GH",
        "short_name": "Ghana",
        "flag_img": null,
        "country_status": "1"
    },
    {
        "id": "85",
        "iso2": "GI",
        "short_name": "Gibraltar",
        "flag_img": null,
        "country_status": "1"
    },
    {
        "id": "86",
        "iso2": "GR",
        "short_name": "Greece",
        "flag_img": null,
        "country_status": "1"
    },
    {
        "id": "87",
        "iso2": "GL",
        "short_name": "Greenland",
        "flag_img": null,
        "country_status": "1"
    },
    {
        "id": "88",
        "iso2": "GD",
        "short_name": "Grenada",
        "flag_img": null,
        "country_status": "1"
    },
    {
        "id": "89",
        "iso2": "GP",
        "short_name": "Guadaloupe",
        "flag_img": null,
        "country_status": "1"
    },
    {
        "id": "90",
        "iso2": "GU",
        "short_name": "Guam",
        "flag_img": null,
        "country_status": "1"
    },
    {
        "id": "91",
        "iso2": "GT",
        "short_name": "Guatemala",
        "flag_img": null,
        "country_status": "1"
    },
    {
        "id": "92",
        "iso2": "GG",
        "short_name": "Guernsey",
        "flag_img": null,
        "country_status": "1"
    },
    {
        "id": "93",
        "iso2": "GN",
        "short_name": "Guinea",
        "flag_img": null,
        "country_status": "1"
    },
    {
        "id": "94",
        "iso2": "GW",
        "short_name": "Guinea-Bissau",
        "flag_img": null,
        "country_status": "1"
    },
    {
        "id": "95",
        "iso2": "GY",
        "short_name": "Guyana",
        "flag_img": null,
        "country_status": "1"
    },
    {
        "id": "96",
        "iso2": "HT",
        "short_name": "Haiti",
        "flag_img": null,
        "country_status": "1"
    },
    {
        "id": "97",
        "iso2": "HM",
        "short_name": "Heard Island and McDonald Islands",
        "flag_img": null,
        "country_status": "1"
    },
    {
        "id": "98",
        "iso2": "HN",
        "short_name": "Honduras",
        "flag_img": null,
        "country_status": "1"
    },
    {
        "id": "99",
        "iso2": "HK",
        "short_name": "Hong Kong",
        "flag_img": null,
        "country_status": "1"
    },
    {
        "id": "100",
        "iso2": "HU",
        "short_name": "Hungary",
        "flag_img": null,
        "country_status": "1"
    },
    {
        "id": "101",
        "iso2": "IS",
        "short_name": "Iceland",
        "flag_img": null,
        "country_status": "1"
    },
    {
        "id": "102",
        "iso2": "IN",
        "short_name": "India",
        "flag_img": null,
        "country_status": "1"
    },
    {
        "id": "103",
        "iso2": "ID",
        "short_name": "Indonesia",
        "flag_img": "185974Indonesia.png.png",
        "country_status": "1"
    },
    {
        "id": "104",
        "iso2": "IR",
        "short_name": "Iran",
        "flag_img": null,
        "country_status": "1"
    },
    {
        "id": "105",
        "iso2": "IQ",
        "short_name": "Iraq",
        "flag_img": null,
        "country_status": "1"
    },
    {
        "id": "106",
        "iso2": "IE",
        "short_name": "Ireland",
        "flag_img": null,
        "country_status": "1"
    },
    {
        "id": "107",
        "iso2": "IM",
        "short_name": "Isle of Man",
        "flag_img": null,
        "country_status": "1"
    },
    {
        "id": "108",
        "iso2": "IL",
        "short_name": "Israel",
        "flag_img": null,
        "country_status": "1"
    },
    {
        "id": "109",
        "iso2": "IT",
        "short_name": "Italy",
        "flag_img": "574463Italy.png.png",
        "country_status": "1"
    },
    {
        "id": "110",
        "iso2": "JM",
        "short_name": "Jamaica",
        "flag_img": null,
        "country_status": "1"
    },
    {
        "id": "111",
        "iso2": "JP",
        "short_name": "Japan",
        "flag_img": null,
        "country_status": "1"
    },
    {
        "id": "112",
        "iso2": "JE",
        "short_name": "Jersey",
        "flag_img": null,
        "country_status": "1"
    },
    {
        "id": "113",
        "iso2": "JO",
        "short_name": "Jordan",
        "flag_img": null,
        "country_status": "1"
    },
    {
        "id": "114",
        "iso2": "KZ",
        "short_name": "Kazakhstan",
        "flag_img": null,
        "country_status": "1"
    },
    {
        "id": "115",
        "iso2": "KE",
        "short_name": "Kenya",
        "flag_img": null,
        "country_status": "1"
    },
    {
        "id": "116",
        "iso2": "KI",
        "short_name": "Kiribati",
        "flag_img": null,
        "country_status": "1"
    },
    {
        "id": "117",
        "iso2": "XK",
        "short_name": "Kosovo",
        "flag_img": null,
        "country_status": "1"
    },
    {
        "id": "118",
        "iso2": "KW",
        "short_name": "Kuwait",
        "flag_img": null,
        "country_status": "1"
    },
    {
        "id": "119",
        "iso2": "KG",
        "short_name": "Kyrgyzstan",
        "flag_img": null,
        "country_status": "1"
    },
    {
        "id": "120",
        "iso2": "LA",
        "short_name": "Laos",
        "flag_img": null,
        "country_status": "1"
    },
    {
        "id": "121",
        "iso2": "LV",
        "short_name": "Latvia",
        "flag_img": null,
        "country_status": "1"
    },
    {
        "id": "122",
        "iso2": "LB",
        "short_name": "Lebanon",
        "flag_img": null,
        "country_status": "1"
    },
    {
        "id": "123",
        "iso2": "LS",
        "short_name": "Lesotho",
        "flag_img": null,
        "country_status": "1"
    },
    {
        "id": "124",
        "iso2": "LR",
        "short_name": "Liberia",
        "flag_img": null,
        "country_status": "1"
    },
    {
        "id": "125",
        "iso2": "LY",
        "short_name": "Libya",
        "flag_img": null,
        "country_status": "1"
    },
    {
        "id": "126",
        "iso2": "LI",
        "short_name": "Liechtenstein",
        "flag_img": null,
        "country_status": "1"
    },
    {
        "id": "127",
        "iso2": "LT",
        "short_name": "Lithuania",
        "flag_img": null,
        "country_status": "1"
    },
    {
        "id": "128",
        "iso2": "LU",
        "short_name": "Luxembourg",
        "flag_img": null,
        "country_status": "1"
    },
    {
        "id": "129",
        "iso2": "MO",
        "short_name": "Macao",
        "flag_img": null,
        "country_status": "1"
    },
    {
        "id": "130",
        "iso2": "MK",
        "short_name": "Macedonia",
        "flag_img": null,
        "country_status": "1"
    },
    {
        "id": "131",
        "iso2": "MG",
        "short_name": "Madagascar",
        "flag_img": null,
        "country_status": "1"
    },
    {
        "id": "132",
        "iso2": "MW",
        "short_name": "Malawi",
        "flag_img": null,
        "country_status": "1"
    },
    {
        "id": "134",
        "iso2": "MV",
        "short_name": "Maldives",
        "flag_img": null,
        "country_status": "1"
    },
    {
        "id": "135",
        "iso2": "ML",
        "short_name": "Mali",
        "flag_img": null,
        "country_status": "1"
    },
    {
        "id": "136",
        "iso2": "MT",
        "short_name": "Malta",
        "flag_img": null,
        "country_status": "1"
    },
    {
        "id": "137",
        "iso2": "MH",
        "short_name": "Marshall Islands",
        "flag_img": null,
        "country_status": "1"
    },
    {
        "id": "138",
        "iso2": "MQ",
        "short_name": "Martinique",
        "flag_img": null,
        "country_status": "1"
    },
    {
        "id": "139",
        "iso2": "MR",
        "short_name": "Mauritania",
        "flag_img": null,
        "country_status": "1"
    },
    {
        "id": "140",
        "iso2": "MU",
        "short_name": "Mauritius",
        "flag_img": null,
        "country_status": "1"
    },
    {
        "id": "141",
        "iso2": "YT",
        "short_name": "Mayotte",
        "flag_img": null,
        "country_status": "1"
    },
    {
        "id": "142",
        "iso2": "MX",
        "short_name": "Mexico",
        "flag_img": null,
        "country_status": "1"
    },
    {
        "id": "143",
        "iso2": "FM",
        "short_name": "Micronesia",
        "flag_img": null,
        "country_status": "1"
    },
    {
        "id": "144",
        "iso2": "MD",
        "short_name": "Moldava",
        "flag_img": null,
        "country_status": "1"
    },
    {
        "id": "145",
        "iso2": "MC",
        "short_name": "Monaco",
        "flag_img": null,
        "country_status": "1"
    },
    {
        "id": "146",
        "iso2": "MN",
        "short_name": "Mongolia",
        "flag_img": null,
        "country_status": "1"
    },
    {
        "id": "147",
        "iso2": "ME",
        "short_name": "Montenegro",
        "flag_img": null,
        "country_status": "1"
    },
    {
        "id": "148",
        "iso2": "MS",
        "short_name": "Montserrat",
        "flag_img": null,
        "country_status": "1"
    },
    {
        "id": "149",
        "iso2": "MA",
        "short_name": "Morocco",
        "flag_img": null,
        "country_status": "1"
    },
    {
        "id": "150",
        "iso2": "MZ",
        "short_name": "Mozambique",
        "flag_img": null,
        "country_status": "1"
    },
    {
        "id": "151",
        "iso2": "MM",
        "short_name": "Myanmar (Burma)",
        "flag_img": null,
        "country_status": "1"
    },
    {
        "id": "152",
        "iso2": "NA",
        "short_name": "Namibia",
        "flag_img": null,
        "country_status": "1"
    },
    {
        "id": "153",
        "iso2": "NR",
        "short_name": "Nauru",
        "flag_img": null,
        "country_status": "1"
    },
    {
        "id": "154",
        "iso2": "NP",
        "short_name": "Nepal",
        "flag_img": null,
        "country_status": "1"
    },
    {
        "id": "155",
        "iso2": "NL",
        "short_name": "Netherlands",
        "flag_img": null,
        "country_status": "1"
    },
    {
        "id": "156",
        "iso2": "NC",
        "short_name": "New Caledonia",
        "flag_img": null,
        "country_status": "1"
    },
    {
        "id": "157",
        "iso2": "NZ",
        "short_name": "New Zealand",
        "flag_img": null,
        "country_status": "1"
    },
    {
        "id": "158",
        "iso2": "NI",
        "short_name": "Nicaragua",
        "flag_img": null,
        "country_status": "1"
    },
    {
        "id": "159",
        "iso2": "NE",
        "short_name": "Niger",
        "flag_img": null,
        "country_status": "1"
    },
    {
        "id": "160",
        "iso2": "NG",
        "short_name": "Nigeria",
        "flag_img": null,
        "country_status": "1"
    },
    {
        "id": "161",
        "iso2": "NU",
        "short_name": "Niue",
        "flag_img": null,
        "country_status": "1"
    },
    {
        "id": "162",
        "iso2": "NF",
        "short_name": "Norfolk Island",
        "flag_img": null,
        "country_status": "1"
    },
    {
        "id": "163",
        "iso2": "KP",
        "short_name": "North Korea",
        "flag_img": null,
        "country_status": "1"
    },
    {
        "id": "164",
        "iso2": "MP",
        "short_name": "Northern Mariana Islands",
        "flag_img": null,
        "country_status": "1"
    },
    {
        "id": "165",
        "iso2": "NO",
        "short_name": "Norway",
        "flag_img": null,
        "country_status": "1"
    },
    {
        "id": "166",
        "iso2": "OM",
        "short_name": "Oman",
        "flag_img": null,
        "country_status": "1"
    },
    {
        "id": "167",
        "iso2": "PK",
        "short_name": "Pakistan",
        "flag_img": "391998Pakistan.png.png",
        "country_status": "1"
    },
    {
        "id": "168",
        "iso2": "PW",
        "short_name": "Palau",
        "flag_img": null,
        "country_status": "1"
    },
    {
        "id": "169",
        "iso2": "PS",
        "short_name": "Palestine",
        "flag_img": null,
        "country_status": "1"
    },
    {
        "id": "170",
        "iso2": "PA",
        "short_name": "Panama",
        "flag_img": null,
        "country_status": "1"
    },
    {
        "id": "171",
        "iso2": "PG",
        "short_name": "Papua New Guinea",
        "flag_img": null,
        "country_status": "1"
    },
    {
        "id": "172",
        "iso2": "PY",
        "short_name": "Paraguay",
        "flag_img": null,
        "country_status": "1"
    },
    {
        "id": "173",
        "iso2": "PE",
        "short_name": "Peru",
        "flag_img": null,
        "country_status": "1"
    },
    {
        "id": "174",
        "iso2": "PH",
        "short_name": "Phillipines",
        "flag_img": null,
        "country_status": "1"
    },
    {
        "id": "175",
        "iso2": "PN",
        "short_name": "Pitcairn",
        "flag_img": null,
        "country_status": "1"
    },
    {
        "id": "176",
        "iso2": "PL",
        "short_name": "Poland",
        "flag_img": null,
        "country_status": "1"
    },
    {
        "id": "177",
        "iso2": "PT",
        "short_name": "Portugal",
        "flag_img": "287384Portugal.png.png",
        "country_status": "1"
    },
    {
        "id": "178",
        "iso2": "PR",
        "short_name": "Puerto Rico",
        "flag_img": null,
        "country_status": "1"
    },
    {
        "id": "179",
        "iso2": "QA",
        "short_name": "Qatar",
        "flag_img": null,
        "country_status": "1"
    },
    {
        "id": "180",
        "iso2": "RE",
        "short_name": "Reunion",
        "flag_img": null,
        "country_status": "1"
    },
    {
        "id": "181",
        "iso2": "RO",
        "short_name": "Romania",
        "flag_img": null,
        "country_status": "1"
    },
    {
        "id": "182",
        "iso2": "RU",
        "short_name": "Russia",
        "flag_img": "9125Russia.png.png",
        "country_status": "1"
    },
    {
        "id": "183",
        "iso2": "RW",
        "short_name": "Rwanda",
        "flag_img": null,
        "country_status": "1"
    },
    {
        "id": "184",
        "iso2": "BL",
        "short_name": "Saint Barthelemy",
        "flag_img": null,
        "country_status": "1"
    },
    {
        "id": "185",
        "iso2": "SH",
        "short_name": "Saint Helena",
        "flag_img": null,
        "country_status": "1"
    },
    {
        "id": "186",
        "iso2": "KN",
        "short_name": "Saint Kitts and Nevis",
        "flag_img": null,
        "country_status": "1"
    },
    {
        "id": "187",
        "iso2": "LC",
        "short_name": "Saint Lucia",
        "flag_img": null,
        "country_status": "1"
    },
    {
        "id": "188",
        "iso2": "MF",
        "short_name": "Saint Martin",
        "flag_img": null,
        "country_status": "1"
    },
    {
        "id": "189",
        "iso2": "PM",
        "short_name": "Saint Pierre and Miquelon",
        "flag_img": null,
        "country_status": "1"
    },
    {
        "id": "190",
        "iso2": "VC",
        "short_name": "Saint Vincent and the Grenadines",
        "flag_img": null,
        "country_status": "1"
    },
    {
        "id": "191",
        "iso2": "WS",
        "short_name": "Samoa",
        "flag_img": null,
        "country_status": "1"
    },
    {
        "id": "192",
        "iso2": "SM",
        "short_name": "San Marino",
        "flag_img": null,
        "country_status": "1"
    },
    {
        "id": "193",
        "iso2": "ST",
        "short_name": "Sao Tome and Principe",
        "flag_img": null,
        "country_status": "1"
    },
    {
        "id": "194",
        "iso2": "SA",
        "short_name": "Saudi Arabia",
        "flag_img": "356934Saudi-Arab.png",
        "country_status": "1"
    },
    {
        "id": "195",
        "iso2": "SN",
        "short_name": "Senegal",
        "flag_img": null,
        "country_status": "1"
    },
    {
        "id": "196",
        "iso2": "RS",
        "short_name": "Serbia",
        "flag_img": null,
        "country_status": "1"
    },
    {
        "id": "197",
        "iso2": "SC",
        "short_name": "Seychelles",
        "flag_img": null,
        "country_status": "1"
    },
    {
        "id": "198",
        "iso2": "SL",
        "short_name": "Sierra Leone",
        "flag_img": null,
        "country_status": "1"
    },
    {
        "id": "199",
        "iso2": "SG",
        "short_name": "Singapore",
        "flag_img": null,
        "country_status": "1"
    },
    {
        "id": "200",
        "iso2": "SX",
        "short_name": "Sint Maarten",
        "flag_img": null,
        "country_status": "1"
    },
    {
        "id": "201",
        "iso2": "SK",
        "short_name": "Slovakia",
        "flag_img": null,
        "country_status": "1"
    },
    {
        "id": "202",
        "iso2": "SI",
        "short_name": "Slovenia",
        "flag_img": null,
        "country_status": "1"
    },
    {
        "id": "203",
        "iso2": "SB",
        "short_name": "Solomon Islands",
        "flag_img": null,
        "country_status": "1"
    },
    {
        "id": "204",
        "iso2": "SO",
        "short_name": "Somalia",
        "flag_img": null,
        "country_status": "1"
    },
    {
        "id": "205",
        "iso2": "ZA",
        "short_name": "South Africa",
        "flag_img": null,
        "country_status": "1"
    },
    {
        "id": "206",
        "iso2": "GS",
        "short_name": "South Georgia and the South Sandwich Islands",
        "flag_img": null,
        "country_status": "1"
    },
    {
        "id": "207",
        "iso2": "KR",
        "short_name": "South Korea",
        "flag_img": null,
        "country_status": "1"
    },
    {
        "id": "208",
        "iso2": "SS",
        "short_name": "South Sudan",
        "flag_img": null,
        "country_status": "1"
    },
    {
        "id": "209",
        "iso2": "ES",
        "short_name": "Spain",
        "flag_img": "803589Spain.png.png",
        "country_status": "1"
    },
    {
        "id": "210",
        "iso2": "LK",
        "short_name": "Sri Lanka",
        "flag_img": null,
        "country_status": "1"
    },
    {
        "id": "211",
        "iso2": "SD",
        "short_name": "Sudan",
        "flag_img": null,
        "country_status": "1"
    },
    {
        "id": "212",
        "iso2": "SR",
        "short_name": "Suriname",
        "flag_img": null,
        "country_status": "1"
    },
    {
        "id": "213",
        "iso2": "SJ",
        "short_name": "Svalbard and Jan Mayen",
        "flag_img": null,
        "country_status": "1"
    },
    {
        "id": "214",
        "iso2": "SZ",
        "short_name": "Swaziland",
        "flag_img": null,
        "country_status": "1"
    },
    {
        "id": "215",
        "iso2": "SE",
        "short_name": "Sweden",
        "flag_img": null,
        "country_status": "1"
    },
    {
        "id": "216",
        "iso2": "CH",
        "short_name": "Switzerland",
        "flag_img": null,
        "country_status": "1"
    },
    {
        "id": "217",
        "iso2": "SY",
        "short_name": "Syria",
        "flag_img": null,
        "country_status": "1"
    },
    {
        "id": "218",
        "iso2": "TW",
        "short_name": "Taiwan",
        "flag_img": null,
        "country_status": "1"
    },
    {
        "id": "219",
        "iso2": "TJ",
        "short_name": "Tajikistan",
        "flag_img": null,
        "country_status": "1"
    },
    {
        "id": "220",
        "iso2": "TZ",
        "short_name": "Tanzania",
        "flag_img": null,
        "country_status": "1"
    },
    {
        "id": "221",
        "iso2": "TH",
        "short_name": "Thailand",
        "flag_img": null,
        "country_status": "1"
    },
    {
        "id": "222",
        "iso2": "TL",
        "short_name": "Timor-Leste (East Timor)",
        "flag_img": null,
        "country_status": "1"
    },
    {
        "id": "223",
        "iso2": "TG",
        "short_name": "Togo",
        "flag_img": null,
        "country_status": "1"
    },
    {
        "id": "224",
        "iso2": "TK",
        "short_name": "Tokelau",
        "flag_img": null,
        "country_status": "1"
    },
    {
        "id": "225",
        "iso2": "TO",
        "short_name": "Tonga",
        "flag_img": null,
        "country_status": "1"
    },
    {
        "id": "226",
        "iso2": "TT",
        "short_name": "Trinidad and Tobago",
        "flag_img": null,
        "country_status": "1"
    },
    {
        "id": "227",
        "iso2": "TN",
        "short_name": "Tunisia",
        "flag_img": null,
        "country_status": "1"
    },
    {
        "id": "228",
        "iso2": "TR",
        "short_name": "Turkey",
        "flag_img": "846161Turkey.png.png",
        "country_status": "1"
    },
    {
        "id": "229",
        "iso2": "TM",
        "short_name": "Turkmenistan",
        "flag_img": null,
        "country_status": "1"
    },
    {
        "id": "230",
        "iso2": "TC",
        "short_name": "Turks and Caicos Islands",
        "flag_img": null,
        "country_status": "1"
    },
    {
        "id": "231",
        "iso2": "TV",
        "short_name": "Tuvalu",
        "flag_img": null,
        "country_status": "1"
    },
    {
        "id": "232",
        "iso2": "UG",
        "short_name": "Uganda",
        "flag_img": "273072Uganda.png.png",
        "country_status": "1"
    },
    {
        "id": "233",
        "iso2": "UA",
        "short_name": "Ukraine",
        "flag_img": null,
        "country_status": "1"
    },
    {
        "id": "234",
        "iso2": "AE",
        "short_name": "United Arab Emirates",
        "flag_img": "816925United-Ara.png",
        "country_status": "1"
    },
    {
        "id": "235",
        "iso2": "GB",
        "short_name": "United Kingdom",
        "flag_img": "392212United-Kin.png",
        "country_status": "1"
    },
    {
        "id": "236",
        "iso2": "US",
        "short_name": "United States",
        "flag_img": "65857United-Sta.png",
        "country_status": "1"
    },
    {
        "id": "237",
        "iso2": "UM",
        "short_name": "United States Minor Outlying Islands",
        "flag_img": null,
        "country_status": "1"
    },
    {
        "id": "238",
        "iso2": "UY",
        "short_name": "Uruguay",
        "flag_img": null,
        "country_status": "1"
    },
    {
        "id": "239",
        "iso2": "UZ",
        "short_name": "Uzbekistan",
        "flag_img": null,
        "country_status": "1"
    },
    {
        "id": "240",
        "iso2": "VU",
        "short_name": "Vanuatu",
        "flag_img": null,
        "country_status": "1"
    },
    {
        "id": "241",
        "iso2": "VA",
        "short_name": "Vatican City",
        "flag_img": null,
        "country_status": "1"
    },
    {
        "id": "242",
        "iso2": "VE",
        "short_name": "Venezuela",
        "flag_img": null,
        "country_status": "1"
    },
    {
        "id": "243",
        "iso2": "VN",
        "short_name": "Vietnam",
        "flag_img": null,
        "country_status": "1"
    },
    {
        "id": "244",
        "iso2": "VG",
        "short_name": "Virgin Islands, British",
        "flag_img": null,
        "country_status": "1"
    },
    {
        "id": "245",
        "iso2": "VI",
        "short_name": "Virgin Islands, US",
        "flag_img": null,
        "country_status": "1"
    },
    {
        "id": "248",
        "iso2": "YE",
        "short_name": "Yemen",
        "flag_img": null,
        "country_status": "1"
    },
    {
        "id": "249",
        "iso2": "ZM",
        "short_name": "Zambia",
        "flag_img": null,
        "country_status": "1"
    },
    {
        "id": "250",
        "iso2": "ZW",
        "short_name": "Zimbabwe",
        "flag_img": null,
        "country_status": "1"
    },
    {
        "id": "252",
        "iso2": "AF",
        "short_name": "Afghanistan",
        "flag_img": "905548Afghanistan.png.png",
        "country_status": "1"
    },
    {
        "id": "253",
        "iso2": "AL",
        "short_name": "Albania",
        "flag_img": "161255Albania.png.png",
        "country_status": "1"
    },
    {
        "id": "254",
        "iso2": "AS",
        "short_name": "American Samoa",
        "flag_img": "526428American-S.png",
        "country_status": "1"
    },
    {
        "id": "255",
        "iso2": "DZ",
        "short_name": "Algeria",
        "flag_img": "891021Algeria.png.png",
        "country_status": "1"
    },
    {
        "id": "258",
        "iso2": "EG",
        "short_name": "Egypt",
        "flag_img": "179169Egypt.png.png",
        "country_status": "1"
    },
    {
        "id": "259",
        "iso2": "AU",
        "short_name": "Australia",
        "flag_img": "701172canstock63.jpg",
        "country_status": "1"
    },
    {
        "id": "260",
        "iso2": "MY",
        "short_name": "Malaysia",
        "flag_img": null,
        "country_status": "1"
    },
     {
        "id": "261",
        "iso2": "AR",
        "short_name": "Argentina",
        "flag_img": null,
        "country_status": "1"
    }
]