{
    "days": [
        {
            "unique": 0,
            "hits": 0,
            "ip": []
        },
        {
            "unique": 1,
            "hits": 14,
            "ip": [
                "::1"
            ]
        },
        {
            "unique": 3,
            "hits": 14,
            "ip": [
                "192.168.0.114",
                "192.168.0.103",
                "::1"
            ]
        },
        {
            "unique": 3,
            "hits": 188,
            "ip": [
                "::1",
                "192.168.0.103",
                "192.168.0.114"
            ]
        }
    ],
    "currMonth": "01"
}